temps_ms,pi_valeur,difference,error_percent,ntotal
109,3.141576,-1.6653589792969825E-5,-5.301002271551763E-4,1000000
